name;type;rpn
T10;Tank;AMBEV05
T20;Tank;AMBEV05
T30;Tank;AMBEV05
T40;Tank;AMBEV05
T50;Tank;AMBEV05
T60;Tank;AMBEV05
T70;Tank;AMBEV05
T80;Tank;AMBEV05
T90;Tank;AMBEV05
T10;Tank;AMBEV05
T110;Tank;AMBEV05
T120;Tank;AMBEV05
T220;Tank;AMBEV05
T320;Tank;AMBEV05
T420;Tank;AMBEV05
T121;Tank;AMBEV05
T221;Tank;AMBEV05
T321;Tank;AMBEV05
T421;Tank;AMBEV05
T122;Tank;AMBEV05
T222;Tank;AMBEV05
T322;Tank;AMBEV05
T422;Tank;AMBEV05
T123;Tank;AMBEV05
T223;Tank;AMBEV05
T323;Tank;AMBEV05
T423;Tank;AMBEV05
T124;Tank;AMBEV05
T224;Tank;AMBEV05
T324;Tank;AMBEV05
T424;Tank;AMBEV05
T125;Tank;AMBEV05
T225;Tank;AMBEV05
T325;Tank;AMBEV05
T425;Tank;AMBEV05
T126;Tank;AMBEV05
T226;Tank;AMBEV05
T326;Tank;AMBEV05
T426;Tank;AMBEV05
T127;Tank;AMBEV05
T227;Tank;AMBEV05
T327;Tank;AMBEV05
T427;Tank;AMBEV05
T128;Tank;AMBEV05
T228;Tank;AMBEV05
T328;Tank;AMBEV05
T428;Tank;AMBEV05
T129;Tank;AMBEV05
T229;Tank;AMBEV05
T329;Tank;AMBEV05
T429;Tank;AMBEV05
T130;Tank;AMBEV05
T230;Tank;AMBEV05
T330;Tank;AMBEV05
T430;Tank;AMBEV05
T131;Tank;AMBEV05
T231;Tank;AMBEV05
T331;Tank;AMBEV05
T431;Tank;AMBEV05
T132;Tank;AMBEV05
T232;Tank;AMBEV05
T332;Tank;AMBEV05
T432;Tank;AMBEV05
T133;Tank;AMBEV05
T233;Tank;AMBEV05
;;
